[{"id":1, "title":"Run Errands", "description":"To buy Kuih Lapis for family, and Jean and Bryan", "targetdate":"05/06/2021"},
 {"id":2, "title":"JFSD Project Task", "description":"Complete Frontend and Backend structure for JSFD course", "targetdate":"28/05/2021"},
 {"id":3, "title":"JFSD Portfolio", "description":"To complete my portfolio and upload to Github", "targetdate":"30/05/2021"},
 {"id":4, "title":"Revision on Java Concepts and SpringBoot Framework", "description":"Revise and pratice more to have a better understanding of Java Concepts and SpringBoot Framework", "targetdate":"10/05/2023"},
 {"id":5, "title":"Assessment", "description":"Assessment Completed", "targetdate":"09/05/2023"},
 {"id":6, "title":"Project", "description":"Final Project Requirements", "targetdate":"10/05/2023"},
 {"id":7, "title":"Registration", "description":"Registration", "targetdate":"10/05/2023"}]